<?xml version="1.0" encoding="UTF-8"?>
<entities xmlns:xsi="http://www.w3.org/2001/XMLSchema-instance"
          xsi:noNamespaceSchemaLocation="http://moqui.org/xsd/entity-definition-3.xsd">
    <entity entity-name="Party" package="ecommerce" cache="true">
        <field name="partyId" type="id-long" is-pk="true"/>
        <field name="partyTypeEnumId" type="id-long" is-pk="true"/>
        <relationship type="one" related="moqui.basic.Enumeration">
            <key-map field-name="partyTypeEnumId"/>
        </relationship>
        <relationship type="one-nofk" related="ecommerce.Person">
            <key-map field-name="partyId"/> 
        </relationship>
        <relationship type="one-nofk" related="ecommerce.Organization">
            <key-map field-name="partyId"/>
        </relationship>
        <relationship type="many" related="ecommerce.PartyRole">
            <key-map field-name="partyId"/>
        </relationship>
        <relationship type="many" related="ecommerce.PartyContact">
            <key-map field-name="partyId"/>
        </relationship>
        <seed-data>
            <moqui.basic.EnumerationType description="Party Type" enumTypeId="PartyType"/>
            <moqui.basic.Enumeration description="Person" enumId="Person" enumTypeId="PartyType"/>
            <moqui.basic.Enumeration description="Organization" enumId="Organization" enumTypeId="PartyType"/>
        </seed-data>
    </entity>
    <entity entity-name="Person" package="ecommerce">
        <field name="partyId" type="id-long" is-pk="true"/>
        <field name="firstName" type="text-medium"/>
        <field name="lastName" type="text-medium"/>
        <field name="birthDate" type="date-time"/>
        <relationship type="one" related="ecommerce.Party"/>
    </entity>
    <entity entity-name="Organization" package="ecommerce">
        <field name="partyId" type="id-long" is-pk="true"/>
        <field name="organizationName" type="text-medium"/>
        <relationship type="one" related="ecommerce.Party"/>
    </entity>
    <entity entity-name="PartyRole" package="ecommerce">
        <field name="partyId" type="id-long" is-pk="true"/>
        <field name="roleTypeId" type="text-medium" is-pk="true"/>
        <relationship type="one" related="ecommerce.Party"/>
        <relationship type="many" related="ecommerce.RoleType"/>
    </entity>
    <entity entity-name="RoleType" package="ecommerce">
        <field name="roleTypeId" type="id-long" is-pk="true"/>
        <field name="parentTypeId" type="id"/>
        <field name="description" type="text-medium"/>
        <relationship type="one" related="ecommerce.Party"/>
        <relationship type="one" title="Parent" related="ecommerce.RoleType">
            <key-map field-name="parentTypeId" related="roleTypeId"/>
        </relationship>
    </entity>
    <entity entity-name="PartyContact" package="ecommerce">
        <field name="partyId" type="id-long" is-pk="true"/>
        <field name="contactId" type="id-long" is-pk="true"/>
        <field name="fromDate" type="date-time" is-pk="true"/>
        <field name="thruDate" type="date-time"/>
        <relationship type="one" related="ecommerce.Party"/>
        <relationship type="many" related="ecommerce.Contact"/>
    </entity>
    <entity entity-name="ContactMech" package="ecommerce">
        <field name="contactId" type="id-long" is-pk="true"/>
        <field name="contactTypeEnumId" type="id-long" is-pk="true"/>
        <field name="infoString" type="text-medium" not-null="true"/>
        <relationship type="many" related="moqui.basic.Enumeration">
            <key-map field-name="contactTypeEnumId"/>
        </relationship>
        <relationship type="one" related="ecommerce.PartyContact">
            <key-map field-name="contactId" />
        </relationship>
        <relationship type="one" related="ecommerce.Postal">
            <key-map field-name="contactId"/>
        </relationship>
        <seed-data>
            <moqui.basic.EnumerationType description="Contact Type" enumTypeId="ContactType"/>
            <moqui.basic.Enumeration description="Postal address" enumId="Postal_Address" enumTypeId="ContactType"/>
            <moqui.basic.Enumeration description="Telecom Number" enumId="Telecom_Number" enumTypeId="ContactType"/>
        </seed-data>
    </entity>
    <entity entity-name="Postal" package="ecommerce">
        <field name="contactId" type="id-long" is-pk="true"/>
        <field name="toName" type="text-medium"/>
        <field name="address1" type="text-very-long"/>
        <field name="address2" type="text-very-long"/>
        <field name="postalCode" type="number-integer"/>
        <field name="city" type="text-medium"/>
        <relationship type="one" related="ecommerce.Contact">
            <key-map field-name="contactId"/>
        </relationship>
    </entity>
    <entity entity-name="TelecomNumber" package="ecommerce">
        <field name="contactId" type="id-long" is-pk="true"/>
        <field name="contactNumber" type="number-integer"/>
        <field name="areaCode" type="number-integer"/>
        <field name="countryCode" type="number-integer"/>
        <relationship type="one" related="ecommerce.Contact">
            <key-map field-name="contactId"/>
        </relationship>
    </entity>
</entities>