<services xmlns:xsi="http://www.w3.org/2001/XMLSchema-instance"
          xsi:noNamespaceSchemaLocation="http://moqui.org/xsd/service-definition-2.1.xsd">
    <service verb="create" noun="Party" type="entity-auto">
        <in-parameters>
            <parameter name="partyId" required="true"/>
            <parameter name="partyTypeEnumId" required="true"/>
        </in-parameters>
        <out-parameters>
            <auto-parameters include="pk" required="true"/>
        </out-parameters>
    </service>
    <service verb="update" noun="Party" type="entity-auto">
        <in-parameters>
            <parameter name="partyTypeEnumId"/>
        </in-parameters>
        <out-parameters>
            <auto-parameters
        </out-parameters>
    </service>
</services>